tag,familia,tipo,indice,nodo_bajo,nodo_alto,nivel_bajo,nivel_alto,x,y,A,Iy,Iz,J,nota
70001,caja_oeste,muro_Y,1,700001,700002,B1,L1,0.998,2.9,0.7529999999999999,0.005647499999999999,1.5813250999999997,0.021739500895379734,Bajo VI-05; x=0.998; e=0.30 ASSUMED_FOR_MODEL
70002,caja_oeste,muro_Y,1,700002,700003,L1,L2,0.998,2.9,0.7529999999999999,0.005647499999999999,1.5813250999999997,0.021739500895379734,Bajo VI-05; x=0.998; e=0.30 ASSUMED_FOR_MODEL
70003,caja_oeste,muro_Y,1,700003,700004,L2,L3,0.998,2.9,0.7529999999999999,0.005647499999999999,1.5813250999999997,0.021739500895379734,Bajo VI-05; x=0.998; e=0.30 ASSUMED_FOR_MODEL
70004,caja_oeste,muro_Y,1,700004,700005,L3,L4,0.998,2.9,0.7529999999999999,0.005647499999999999,1.5813250999999997,0.021739500895379734,Bajo VI-05; x=0.998; e=0.30 ASSUMED_FOR_MODEL
70005,caja_oeste,muro_Y,1,700005,226,L4,ROOF,0.998,2.9,0.7529999999999999,0.005647499999999999,1.5813250999999997,0.021739500895379734,Bajo VI-05; x=0.998; e=0.30 ASSUMED_FOR_MODEL
70006,caja_oeste,muro_Y,2,700006,700007,B1,L1,0.998,7.92,0.7529999999999999,0.005647499999999999,1.5813250999999997,0.021739500895379734,Bajo VI-05; x=0.998; e=0.30 ASSUMED_FOR_MODEL
70007,caja_oeste,muro_Y,2,700007,700008,L1,L2,0.998,7.92,0.7529999999999999,0.005647499999999999,1.5813250999999997,0.021739500895379734,Bajo VI-05; x=0.998; e=0.30 ASSUMED_FOR_MODEL
70008,caja_oeste,muro_Y,2,700008,700009,L2,L3,0.998,7.92,0.7529999999999999,0.005647499999999999,1.5813250999999997,0.021739500895379734,Bajo VI-05; x=0.998; e=0.30 ASSUMED_FOR_MODEL
70009,caja_oeste,muro_Y,2,700009,700010,L3,L4,0.998,7.92,0.7529999999999999,0.005647499999999999,1.5813250999999997,0.021739500895379734,Bajo VI-05; x=0.998; e=0.30 ASSUMED_FOR_MODEL
70010,caja_oeste,muro_Y,2,700010,227,L4,ROOF,0.998,7.92,0.7529999999999999,0.005647499999999999,1.5813250999999997,0.021739500895379734,Bajo VI-05; x=0.998; e=0.30 ASSUMED_FOR_MODEL
70011,caja_este,muro_Y,1,700011,700012,B1,L1,16.546,2.9,0.7529999999999999,0.005647499999999999,1.5813250999999997,0.021739500895379734,Bajo VI-06; x=16.546; e=0.30 ASSUMED_FOR_MODEL
70012,caja_este,muro_Y,1,700012,700013,L1,L2,16.546,2.9,0.7529999999999999,0.005647499999999999,1.5813250999999997,0.021739500895379734,Bajo VI-06; x=16.546; e=0.30 ASSUMED_FOR_MODEL
70013,caja_este,muro_Y,1,700013,700014,L2,L3,16.546,2.9,0.7529999999999999,0.005647499999999999,1.5813250999999997,0.021739500895379734,Bajo VI-06; x=16.546; e=0.30 ASSUMED_FOR_MODEL
70014,caja_este,muro_Y,1,700014,700015,L3,L4,16.546,2.9,0.7529999999999999,0.005647499999999999,1.5813250999999997,0.021739500895379734,Bajo VI-06; x=16.546; e=0.30 ASSUMED_FOR_MODEL
70015,caja_este,muro_Y,1,700015,256,L4,ROOF,16.546,2.9,0.7529999999999999,0.005647499999999999,1.5813250999999997,0.021739500895379734,Bajo VI-06; x=16.546; e=0.30 ASSUMED_FOR_MODEL
70016,caja_este,muro_Y,2,700016,700017,B1,L1,16.546,7.92,0.7529999999999999,0.005647499999999999,1.5813250999999997,0.021739500895379734,Bajo VI-06; x=16.546; e=0.30 ASSUMED_FOR_MODEL
70017,caja_este,muro_Y,2,700017,700018,L1,L2,16.546,7.92,0.7529999999999999,0.005647499999999999,1.5813250999999997,0.021739500895379734,Bajo VI-06; x=16.546; e=0.30 ASSUMED_FOR_MODEL
70018,caja_este,muro_Y,2,700018,700019,L2,L3,16.546,7.92,0.7529999999999999,0.005647499999999999,1.5813250999999997,0.021739500895379734,Bajo VI-06; x=16.546; e=0.30 ASSUMED_FOR_MODEL
70019,caja_este,muro_Y,2,700019,700020,L3,L4,16.546,7.92,0.7529999999999999,0.005647499999999999,1.5813250999999997,0.021739500895379734,Bajo VI-06; x=16.546; e=0.30 ASSUMED_FOR_MODEL
70020,caja_este,muro_Y,2,700020,257,L4,ROOF,16.546,7.92,0.7529999999999999,0.005647499999999999,1.5813250999999997,0.021739500895379734,Bajo VI-06; x=16.546; e=0.30 ASSUMED_FOR_MODEL
70021,pilastra,pilastra,1,700021,700022,B1,L1,7.596,2.9,0.7529999999999999,0.022589999999999996,1.5813250999999997,0.08355611460860649,Pilastra x=7.947; e_x=0.60 EXPLICITO del plano; 4 columnas (1/4 de seccion bruta cada una)
70022,pilastra,pilastra,1,700022,700023,L1,L2,7.596,2.9,0.7529999999999999,0.022589999999999996,1.5813250999999997,0.08355611460860649,Pilastra x=7.947; e_x=0.60 EXPLICITO del plano; 4 columnas (1/4 de seccion bruta cada una)
70023,pilastra,pilastra,1,700023,700024,L2,L3,7.596,2.9,0.7529999999999999,0.022589999999999996,1.5813250999999997,0.08355611460860649,Pilastra x=7.947; e_x=0.60 EXPLICITO del plano; 4 columnas (1/4 de seccion bruta cada una)
70024,pilastra,pilastra,1,700024,700025,L3,L4,7.596,2.9,0.7529999999999999,0.022589999999999996,1.5813250999999997,0.08355611460860649,Pilastra x=7.947; e_x=0.60 EXPLICITO del plano; 4 columnas (1/4 de seccion bruta cada una)
70025,pilastra,pilastra,1,700025,244,L4,ROOF,7.596,2.9,0.7529999999999999,0.022589999999999996,1.5813250999999997,0.08355611460860649,Pilastra x=7.947; e_x=0.60 EXPLICITO del plano; 4 columnas (1/4 de seccion bruta cada una)
70026,pilastra,pilastra,2,700026,700027,B1,L1,7.646,7.92,0.7529999999999999,0.022589999999999996,1.5813250999999997,0.08355611460860649,Pilastra x=7.947; e_x=0.60 EXPLICITO del plano; 4 columnas (1/4 de seccion bruta cada una)
70027,pilastra,pilastra,2,700027,700028,L1,L2,7.646,7.92,0.7529999999999999,0.022589999999999996,1.5813250999999997,0.08355611460860649,Pilastra x=7.947; e_x=0.60 EXPLICITO del plano; 4 columnas (1/4 de seccion bruta cada una)
70028,pilastra,pilastra,2,700028,700029,L2,L3,7.646,7.92,0.7529999999999999,0.022589999999999996,1.5813250999999997,0.08355611460860649,Pilastra x=7.947; e_x=0.60 EXPLICITO del plano; 4 columnas (1/4 de seccion bruta cada una)
70029,pilastra,pilastra,2,700029,700030,L3,L4,7.646,7.92,0.7529999999999999,0.022589999999999996,1.5813250999999997,0.08355611460860649,Pilastra x=7.947; e_x=0.60 EXPLICITO del plano; 4 columnas (1/4 de seccion bruta cada una)
70030,pilastra,pilastra,2,700030,245,L4,ROOF,7.646,7.92,0.7529999999999999,0.022589999999999996,1.5813250999999997,0.08355611460860649,Pilastra x=7.947; e_x=0.60 EXPLICITO del plano; 4 columnas (1/4 de seccion bruta cada una)
70031,pilastra,pilastra,3,700031,700032,B1,L1,8.246,7.92,0.7529999999999999,0.022589999999999996,1.5813250999999997,0.08355611460860649,Pilastra x=7.947; e_x=0.60 EXPLICITO del plano; 4 columnas (1/4 de seccion bruta cada una)
70032,pilastra,pilastra,3,700032,700033,L1,L2,8.246,7.92,0.7529999999999999,0.022589999999999996,1.5813250999999997,0.08355611460860649,Pilastra x=7.947; e_x=0.60 EXPLICITO del plano; 4 columnas (1/4 de seccion bruta cada una)
70033,pilastra,pilastra,3,700033,700034,L2,L3,8.246,7.92,0.7529999999999999,0.022589999999999996,1.5813250999999997,0.08355611460860649,Pilastra x=7.947; e_x=0.60 EXPLICITO del plano; 4 columnas (1/4 de seccion bruta cada una)
70034,pilastra,pilastra,3,700034,700035,L3,L4,8.246,7.92,0.7529999999999999,0.022589999999999996,1.5813250999999997,0.08355611460860649,Pilastra x=7.947; e_x=0.60 EXPLICITO del plano; 4 columnas (1/4 de seccion bruta cada una)
70035,pilastra,pilastra,3,700035,246,L4,ROOF,8.246,7.92,0.7529999999999999,0.022589999999999996,1.5813250999999997,0.08355611460860649,Pilastra x=7.947; e_x=0.60 EXPLICITO del plano; 4 columnas (1/4 de seccion bruta cada una)
70036,pilastra,pilastra,4,700036,700037,B1,L1,8.296,2.9,0.7529999999999999,0.022589999999999996,1.5813250999999997,0.08355611460860649,Pilastra x=7.947; e_x=0.60 EXPLICITO del plano; 4 columnas (1/4 de seccion bruta cada una)
70037,pilastra,pilastra,4,700037,700038,L1,L2,8.296,2.9,0.7529999999999999,0.022589999999999996,1.5813250999999997,0.08355611460860649,Pilastra x=7.947; e_x=0.60 EXPLICITO del plano; 4 columnas (1/4 de seccion bruta cada una)
70038,pilastra,pilastra,4,700038,700039,L2,L3,8.296,2.9,0.7529999999999999,0.022589999999999996,1.5813250999999997,0.08355611460860649,Pilastra x=7.947; e_x=0.60 EXPLICITO del plano; 4 columnas (1/4 de seccion bruta cada una)
70039,pilastra,pilastra,4,700039,700040,L3,L4,8.296,2.9,0.7529999999999999,0.022589999999999996,1.5813250999999997,0.08355611460860649,Pilastra x=7.947; e_x=0.60 EXPLICITO del plano; 4 columnas (1/4 de seccion bruta cada una)
70040,pilastra,pilastra,4,700040,247,L4,ROOF,8.296,2.9,0.7529999999999999,0.022589999999999996,1.5813250999999997,0.08355611460860649,Pilastra x=7.947; e_x=0.60 EXPLICITO del plano; 4 columnas (1/4 de seccion bruta cada una)
70041,esc2_este,muro_X,1,700041,700042,B1,L1,18.545,7.92,0.3373499999999998,0.14219305311249977,0.002530124999999998,0.009270022226153488,2ª escalera borde N bajo VI-07; y=7.92; x 18.545..20.794 real; e=0.30 ASSUMED_FOR_MODEL
70042,esc2_este,muro_X,1,700042,700043,L1,L2,18.545,7.92,0.3373499999999998,0.14219305311249977,0.002530124999999998,0.009270022226153488,2ª escalera borde N bajo VI-07; y=7.92; x 18.545..20.794 real; e=0.30 ASSUMED_FOR_MODEL
70043,esc2_este,muro_X,1,700043,700044,L2,L3,18.545,7.92,0.3373499999999998,0.14219305311249977,0.002530124999999998,0.009270022226153488,2ª escalera borde N bajo VI-07; y=7.92; x 18.545..20.794 real; e=0.30 ASSUMED_FOR_MODEL
70044,esc2_este,muro_X,1,700044,700045,L3,L4,18.545,7.92,0.3373499999999998,0.14219305311249977,0.002530124999999998,0.009270022226153488,2ª escalera borde N bajo VI-07; y=7.92; x 18.545..20.794 real; e=0.30 ASSUMED_FOR_MODEL
70045,esc2_este,muro_X,1,700045,258,L4,ROOF,18.545,7.92,0.3373499999999998,0.14219305311249977,0.002530124999999998,0.009270022226153488,2ª escalera borde N bajo VI-07; y=7.92; x 18.545..20.794 real; e=0.30 ASSUMED_FOR_MODEL
70046,esc2_este,muro_X,2,700046,700047,B1,L1,20.794,7.92,0.3373499999999998,0.14219305311249977,0.002530124999999998,0.009270022226153488,2ª escalera borde N bajo VI-07; y=7.92; x 18.545..20.794 real; e=0.30 ASSUMED_FOR_MODEL
70047,esc2_este,muro_X,2,700047,700048,L1,L2,20.794,7.92,0.3373499999999998,0.14219305311249977,0.002530124999999998,0.009270022226153488,2ª escalera borde N bajo VI-07; y=7.92; x 18.545..20.794 real; e=0.30 ASSUMED_FOR_MODEL
70048,esc2_este,muro_X,2,700048,700049,L2,L3,20.794,7.92,0.3373499999999998,0.14219305311249977,0.002530124999999998,0.009270022226153488,2ª escalera borde N bajo VI-07; y=7.92; x 18.545..20.794 real; e=0.30 ASSUMED_FOR_MODEL
70049,esc2_este,muro_X,2,700049,700050,L3,L4,20.794,7.92,0.3373499999999998,0.14219305311249977,0.002530124999999998,0.009270022226153488,2ª escalera borde N bajo VI-07; y=7.92; x 18.545..20.794 real; e=0.30 ASSUMED_FOR_MODEL
70050,esc2_este,muro_X,2,700050,259,L4,ROOF,20.794,7.92,0.3373499999999998,0.14219305311249977,0.002530124999999998,0.009270022226153488,2ª escalera borde N bajo VI-07; y=7.92; x 18.545..20.794 real; e=0.30 ASSUMED_FOR_MODEL
