beam_id,x1_m,y1_m,x2_m,y2_m,level,section,stage,source,notes
L1_V001,1.85,0.0,3.75,0.0,L1,V60x80,LT2,2024_22-101-Model.pdf,
L1_V002,3.75,0.0,7.5,0.0,L1,V60x80,LT2,2024_22-101-Model.pdf,
L1_V003,7.5,0.0,11.25,0.0,L1,V60x80,LT2,2024_22-101-Model.pdf,
L1_V004,3.75,8.9,7.5,8.9,L1,V60x80,LT2,2024_22-101-Model.pdf,
L1_V005,7.5,8.9,11.25,8.9,L1,V60x80,LT2,2024_22-101-Model.pdf,
L1_V006,1.85,16.15,3.75,16.15,L1,V60x80,LT2,2024_22-101-Model.pdf,
L1_V007,3.75,16.15,7.5,16.15,L1,V60x80,LT2,2024_22-101-Model.pdf,
L1_V008,7.5,16.15,11.25,16.15,L1,V60x80,LT2,2024_22-101-Model.pdf,
L1_V009,3.75,0.0,3.75,4.265,L1,V60x80,LT2,2024_22-101-Model.pdf,
L1_V010,3.75,4.265,3.75,8.9,L1,V60x80,LT2,2024_22-101-Model.pdf,
L1_V011,3.75,8.9,3.75,11.885,L1,V60x80,LT2,2024_22-101-Model.pdf,
L1_V012,3.75,11.885,3.75,16.15,L1,V60x80,LT2,2024_22-101-Model.pdf,
L1_V013,7.5,0.0,7.5,4.265,L1,V60x80,LT2,2024_22-101-Model.pdf,
L1_V014,7.5,4.265,7.5,8.9,L1,V60x80,LT2,2024_22-101-Model.pdf,
L1_V015,7.5,8.9,7.5,11.885,L1,V60x80,LT2,2024_22-101-Model.pdf,
L1_V016,7.5,11.885,7.5,16.15,L1,V60x80,LT2,2024_22-101-Model.pdf,
L1_V017,11.25,0.0,11.25,4.265,L1,V60x80,LT2,2024_22-101-Model.pdf,
L1_V018,11.25,4.265,11.25,8.9,L1,V60x80,LT2,2024_22-101-Model.pdf,
L1_V019,11.25,8.9,11.25,11.885,L1,V60x80,LT2,2024_22-101-Model.pdf,
L1_V020,11.25,11.885,11.25,16.15,L1,V60x80,LT2,2024_22-101-Model.pdf,
L2_V001,1.85,0.0,3.75,0.0,L2,V60x80,LT2,2024_22-101-Model.pdf,
L2_V002,3.75,0.0,7.5,0.0,L2,V60x80,LT2,2024_22-101-Model.pdf,
L2_V003,7.5,0.0,11.25,0.0,L2,V60x80,LT2,2024_22-101-Model.pdf,
L2_V004,3.75,8.9,7.5,8.9,L2,V60x80,LT2,2024_22-101-Model.pdf,
L2_V005,7.5,8.9,11.25,8.9,L2,V60x80,LT2,2024_22-101-Model.pdf,
L2_V006,1.85,16.15,3.75,16.15,L2,V60x80,LT2,2024_22-101-Model.pdf,
L2_V007,3.75,16.15,7.5,16.15,L2,V60x80,LT2,2024_22-101-Model.pdf,
L2_V008,7.5,16.15,11.25,16.15,L2,V60x80,LT2,2024_22-101-Model.pdf,
L2_V009,3.75,0.0,3.75,4.265,L2,V60x80,LT2,2024_22-101-Model.pdf,
L2_V010,3.75,4.265,3.75,8.9,L2,V60x80,LT2,2024_22-101-Model.pdf,
L2_V011,3.75,8.9,3.75,11.885,L2,V60x80,LT2,2024_22-101-Model.pdf,
L2_V012,3.75,11.885,3.75,16.15,L2,V60x80,LT2,2024_22-101-Model.pdf,
L2_V013,7.5,0.0,7.5,4.265,L2,V60x80,LT2,2024_22-101-Model.pdf,
L2_V014,7.5,4.265,7.5,8.9,L2,V60x80,LT2,2024_22-101-Model.pdf,
L2_V015,7.5,8.9,7.5,11.885,L2,V60x80,LT2,2024_22-101-Model.pdf,
L2_V016,7.5,11.885,7.5,16.15,L2,V60x80,LT2,2024_22-101-Model.pdf,
L2_V017,11.25,0.0,11.25,4.265,L2,V60x80,LT2,2024_22-101-Model.pdf,
L2_V018,11.25,4.265,11.25,8.9,L2,V60x80,LT2,2024_22-101-Model.pdf,
L2_V019,11.25,8.9,11.25,11.885,L2,V60x80,LT2,2024_22-101-Model.pdf,
L2_V020,11.25,11.885,11.25,16.15,L2,V60x80,LT2,2024_22-101-Model.pdf,
L3_V001,1.85,0.0,3.75,0.0,L3,V60x80,LT2,2024_22-101-Model.pdf,
L3_V002,3.75,0.0,7.5,0.0,L3,V60x80,LT2,2024_22-101-Model.pdf,
L3_V003,7.5,0.0,11.25,0.0,L3,V60x80,LT2,2024_22-101-Model.pdf,
L3_V004,3.75,8.9,7.5,8.9,L3,V60x80,LT2,2024_22-101-Model.pdf,
L3_V005,7.5,8.9,11.25,8.9,L3,V60x80,LT2,2024_22-101-Model.pdf,
L3_V006,1.85,16.15,3.75,16.15,L3,V60x80,LT2,2024_22-101-Model.pdf,
L3_V007,3.75,16.15,7.5,16.15,L3,V60x80,LT2,2024_22-101-Model.pdf,
L3_V008,7.5,16.15,11.25,16.15,L3,V60x80,LT2,2024_22-101-Model.pdf,
L3_V009,3.75,0.0,3.75,4.265,L3,V60x80,LT2,2024_22-101-Model.pdf,
L3_V010,3.75,4.265,3.75,8.9,L3,V60x80,LT2,2024_22-101-Model.pdf,
L3_V011,3.75,8.9,3.75,11.885,L3,V60x80,LT2,2024_22-101-Model.pdf,
L3_V012,3.75,11.885,3.75,16.15,L3,V60x80,LT2,2024_22-101-Model.pdf,
L3_V013,7.5,0.0,7.5,4.265,L3,V60x80,LT2,2024_22-101-Model.pdf,
L3_V014,7.5,4.265,7.5,8.9,L3,V60x80,LT2,2024_22-101-Model.pdf,
L3_V015,7.5,8.9,7.5,11.885,L3,V60x80,LT2,2024_22-101-Model.pdf,
L3_V016,7.5,11.885,7.5,16.15,L3,V60x80,LT2,2024_22-101-Model.pdf,
L3_V017,11.25,0.0,11.25,4.265,L3,V60x80,LT2,2024_22-101-Model.pdf,
L3_V018,11.25,4.265,11.25,8.9,L3,V60x80,LT2,2024_22-101-Model.pdf,
L3_V019,11.25,8.9,11.25,11.885,L3,V60x80,LT2,2024_22-101-Model.pdf,
L3_V020,11.25,11.885,11.25,16.15,L3,V60x80,LT2,2024_22-101-Model.pdf,
L4_V001,1.85,0.0,3.75,0.0,L4,V60x80,LT2,2024_22-101-Model.pdf,
L4_V002,3.75,0.0,7.5,0.0,L4,V60x80,LT2,2024_22-101-Model.pdf,
L4_V003,7.5,0.0,11.25,0.0,L4,V60x80,LT2,2024_22-101-Model.pdf,
L4_V004,3.75,8.9,7.5,8.9,L4,V60x80,LT2,2024_22-101-Model.pdf,
L4_V005,7.5,8.9,11.25,8.9,L4,V60x80,LT2,2024_22-101-Model.pdf,
L4_V006,1.85,16.15,3.75,16.15,L4,V60x80,LT2,2024_22-101-Model.pdf,
L4_V007,3.75,16.15,7.5,16.15,L4,V60x80,LT2,2024_22-101-Model.pdf,
L4_V008,7.5,16.15,11.25,16.15,L4,V60x80,LT2,2024_22-101-Model.pdf,
L4_V009,3.75,0.0,3.75,4.265,L4,V60x80,LT2,2024_22-101-Model.pdf,
L4_V010,3.75,4.265,3.75,8.9,L4,V60x80,LT2,2024_22-101-Model.pdf,
L4_V011,3.75,8.9,3.75,11.885,L4,V60x80,LT2,2024_22-101-Model.pdf,
L4_V012,3.75,11.885,3.75,16.15,L4,V60x80,LT2,2024_22-101-Model.pdf,
L4_V013,7.5,0.0,7.5,4.265,L4,V60x80,LT2,2024_22-101-Model.pdf,
L4_V014,7.5,4.265,7.5,8.9,L4,V60x80,LT2,2024_22-101-Model.pdf,
L4_V015,7.5,8.9,7.5,11.885,L4,V60x80,LT2,2024_22-101-Model.pdf,
L4_V016,7.5,11.885,7.5,16.15,L4,V60x80,LT2,2024_22-101-Model.pdf,
L4_V017,11.25,0.0,11.25,4.265,L4,V60x80,LT2,2024_22-101-Model.pdf,
L4_V018,11.25,4.265,11.25,8.9,L4,V60x80,LT2,2024_22-101-Model.pdf,
L4_V019,11.25,8.9,11.25,11.885,L4,V60x80,LT2,2024_22-101-Model.pdf,
L4_V020,11.25,11.885,11.25,16.15,L4,V60x80,LT2,2024_22-101-Model.pdf,
L1_V30_01,1.9,4.265,3.75,4.265,L1,V30x80,LT2,2024_22-101-Model.pdf,
L1_V30_02,3.75,4.265,7.5,4.265,L1,V30x80,LT2,2024_22-101-Model.pdf,
L1_V30_03,1.9,11.885,3.75,11.885,L1,V30x80,LT2,2024_22-101-Model.pdf,
L1_V30_04,3.75,11.885,7.5,11.885,L1,V30x80,LT2,2024_22-101-Model.pdf,
L2_V30_01,1.9,4.265,3.75,4.265,L2,V30x80,LT2,2024_22-101-Model.pdf,
L2_V30_02,3.75,4.265,7.5,4.265,L2,V30x80,LT2,2024_22-101-Model.pdf,
L2_V30_03,1.9,11.885,3.75,11.885,L2,V30x80,LT2,2024_22-101-Model.pdf,
L2_V30_04,3.75,11.885,7.5,11.885,L2,V30x80,LT2,2024_22-101-Model.pdf,
L3_V30_01,1.9,4.265,3.75,4.265,L3,V30x80,LT2,2024_22-101-Model.pdf,
L3_V30_02,3.75,4.265,7.5,4.265,L3,V30x80,LT2,2024_22-101-Model.pdf,
L3_V30_03,1.9,11.885,3.75,11.885,L3,V30x80,LT2,2024_22-101-Model.pdf,
L3_V30_04,3.75,11.885,7.5,11.885,L3,V30x80,LT2,2024_22-101-Model.pdf,
L4_V30_01,1.9,4.265,3.75,4.265,L4,V30x80,LT2,2024_22-101-Model.pdf,
L4_V30_02,3.75,4.265,7.5,4.265,L4,V30x80,LT2,2024_22-101-Model.pdf,
L4_V30_03,1.9,11.885,3.75,11.885,L4,V30x80,LT2,2024_22-101-Model.pdf,
L4_V30_04,3.75,11.885,7.5,11.885,L4,V30x80,LT2,2024_22-101-Model.pdf,
L1_V40_01,0.4,1.825,0.4,4.265,L1,V40x80,LT2,2024_22-101-Model.pdf,
L1_V40_02,0.4,4.265,0.4,8.9,L1,V40x80,LT2,2024_22-101-Model.pdf,
L1_V40_03,0.4,8.9,0.4,11.885,L1,V40x80,LT2,2024_22-101-Model.pdf,
L1_V40_04,0.4,11.885,0.4,14.325,L1,V40x80,LT2,2024_22-101-Model.pdf,
L2_V40_01,0.4,1.825,0.4,4.265,L2,V40x80,LT2,2024_22-101-Model.pdf,
L2_V40_02,0.4,4.265,0.4,8.9,L2,V40x80,LT2,2024_22-101-Model.pdf,
L2_V40_03,0.4,8.9,0.4,11.885,L2,V40x80,LT2,2024_22-101-Model.pdf,
L2_V40_04,0.4,11.885,0.4,14.325,L2,V40x80,LT2,2024_22-101-Model.pdf,
L3_V40_01,0.4,1.825,0.4,4.265,L3,V40x80,LT2,2024_22-101-Model.pdf,
L3_V40_02,0.4,4.265,0.4,8.9,L3,V40x80,LT2,2024_22-101-Model.pdf,
L3_V40_03,0.4,8.9,0.4,11.885,L3,V40x80,LT2,2024_22-101-Model.pdf,
L3_V40_04,0.4,11.885,0.4,14.325,L3,V40x80,LT2,2024_22-101-Model.pdf,
L4_V40_01,0.4,1.825,0.4,4.265,L4,V40x80,LT2,2024_22-101-Model.pdf,
L4_V40_02,0.4,4.265,0.4,8.9,L4,V40x80,LT2,2024_22-101-Model.pdf,
L4_V40_03,0.4,8.9,0.4,11.885,L4,V40x80,LT2,2024_22-101-Model.pdf,
L4_V40_04,0.4,11.885,0.4,14.325,L4,V40x80,LT2,2024_22-101-Model.pdf,
L1_BD_V60_01,11.25,0.0,16.25,0.0,L1,V60x80,LT2,2024_22-101-Model.pdf,
L1_BD_V60_02,16.25,0.0,21.25,0.0,L1,V60x80,LT2,2024_22-101-Model.pdf,
L1_BD_V60_03,21.25,0.0,26.25,0.0,L1,V60x80,LT2,2024_22-101-Model.pdf,
L1_BD_V60_04,26.25,0.0,31.25,0.0,L1,V60x80,LT2,2024_22-101-Model.pdf,
L1_BD_V60_05,11.25,8.9,16.25,8.9,L1,V60x80,LT2,2024_22-101-Model.pdf,
L1_BD_V60_06,16.25,8.9,21.25,8.9,L1,V60x80,LT2,2024_22-101-Model.pdf,
L1_BD_V60_07,21.25,8.9,26.25,8.9,L1,V60x80,LT2,2024_22-101-Model.pdf,
L1_BD_V60_08,26.25,8.9,31.25,8.9,L1,V60x80,LT2,2024_22-101-Model.pdf,
L1_BD_V60_09,11.25,16.15,16.25,16.15,L1,V60x80,LT2,2024_22-101-Model.pdf,
L1_BD_V60_10,16.25,16.15,21.25,16.15,L1,V60x80,LT2,2024_22-101-Model.pdf,
L1_BD_V60_11,21.25,16.15,26.25,16.15,L1,V60x80,LT2,2024_22-101-Model.pdf,
L1_BD_V60_12,26.25,16.15,31.25,16.15,L1,V60x80,LT2,2024_22-101-Model.pdf,
L1_BD_V60_13,16.25,0.0,16.25,8.9,L1,V60x80,LT2,2024_22-101-Model.pdf,
L1_BD_V60_14,16.25,8.9,16.25,16.15,L1,V60x80,LT2,2024_22-101-Model.pdf,
L1_BD_V60_15,21.25,0.0,21.25,8.9,L1,V60x80,LT2,2024_22-101-Model.pdf,
L1_BD_V60_16,21.25,8.9,21.25,16.15,L1,V60x80,LT2,2024_22-101-Model.pdf,
L1_BD_V60_17,26.25,0.0,26.25,8.9,L1,V60x80,LT2,2024_22-101-Model.pdf,
L1_BD_V60_18,26.25,8.9,26.25,16.15,L1,V60x80,LT2,2024_22-101-Model.pdf,
L2_BD_V60_01,11.25,0.0,16.25,0.0,L2,V60x80,LT2,2024_22-101-Model.pdf,
L2_BD_V60_02,16.25,0.0,21.25,0.0,L2,V60x80,LT2,2024_22-101-Model.pdf,
L2_BD_V60_03,21.25,0.0,26.25,0.0,L2,V60x80,LT2,2024_22-101-Model.pdf,
L2_BD_V60_04,26.25,0.0,31.25,0.0,L2,V60x80,LT2,2024_22-101-Model.pdf,
L2_BD_V60_05,11.25,8.9,16.25,8.9,L2,V60x80,LT2,2024_22-101-Model.pdf,
L2_BD_V60_06,16.25,8.9,21.25,8.9,L2,V60x80,LT2,2024_22-101-Model.pdf,
L2_BD_V60_07,21.25,8.9,26.25,8.9,L2,V60x80,LT2,2024_22-101-Model.pdf,
L2_BD_V60_08,26.25,8.9,31.25,8.9,L2,V60x80,LT2,2024_22-101-Model.pdf,
L2_BD_V60_09,11.25,16.15,16.25,16.15,L2,V60x80,LT2,2024_22-101-Model.pdf,
L2_BD_V60_10,16.25,16.15,21.25,16.15,L2,V60x80,LT2,2024_22-101-Model.pdf,
L2_BD_V60_11,21.25,16.15,26.25,16.15,L2,V60x80,LT2,2024_22-101-Model.pdf,
L2_BD_V60_12,26.25,16.15,31.25,16.15,L2,V60x80,LT2,2024_22-101-Model.pdf,
L2_BD_V60_13,16.25,0.0,16.25,8.9,L2,V60x80,LT2,2024_22-101-Model.pdf,
L2_BD_V60_14,16.25,8.9,16.25,16.15,L2,V60x80,LT2,2024_22-101-Model.pdf,
L2_BD_V60_15,21.25,0.0,21.25,8.9,L2,V60x80,LT2,2024_22-101-Model.pdf,
L2_BD_V60_16,21.25,8.9,21.25,16.15,L2,V60x80,LT2,2024_22-101-Model.pdf,
L2_BD_V60_17,26.25,0.0,26.25,8.9,L2,V60x80,LT2,2024_22-101-Model.pdf,
L2_BD_V60_18,26.25,8.9,26.25,16.15,L2,V60x80,LT2,2024_22-101-Model.pdf,
L3_BD_V60_01,11.25,0.0,16.25,0.0,L3,V60x80,LT2,2024_22-101-Model.pdf,
L3_BD_V60_02,16.25,0.0,21.25,0.0,L3,V60x80,LT2,2024_22-101-Model.pdf,
L3_BD_V60_03,21.25,0.0,26.25,0.0,L3,V60x80,LT2,2024_22-101-Model.pdf,
L3_BD_V60_04,26.25,0.0,31.25,0.0,L3,V60x80,LT2,2024_22-101-Model.pdf,
L3_BD_V60_05,11.25,8.9,16.25,8.9,L3,V60x80,LT2,2024_22-101-Model.pdf,
L3_BD_V60_06,16.25,8.9,21.25,8.9,L3,V60x80,LT2,2024_22-101-Model.pdf,
L3_BD_V60_07,21.25,8.9,26.25,8.9,L3,V60x80,LT2,2024_22-101-Model.pdf,
L3_BD_V60_08,26.25,8.9,31.25,8.9,L3,V60x80,LT2,2024_22-101-Model.pdf,
L3_BD_V60_09,11.25,16.15,16.25,16.15,L3,V60x80,LT2,2024_22-101-Model.pdf,
L3_BD_V60_10,16.25,16.15,21.25,16.15,L3,V60x80,LT2,2024_22-101-Model.pdf,
L3_BD_V60_11,21.25,16.15,26.25,16.15,L3,V60x80,LT2,2024_22-101-Model.pdf,
L3_BD_V60_12,26.25,16.15,31.25,16.15,L3,V60x80,LT2,2024_22-101-Model.pdf,
L3_BD_V60_13,16.25,0.0,16.25,8.9,L3,V60x80,LT2,2024_22-101-Model.pdf,
L3_BD_V60_14,16.25,8.9,16.25,16.15,L3,V60x80,LT2,2024_22-101-Model.pdf,
L3_BD_V60_15,21.25,0.0,21.25,8.9,L3,V60x80,LT2,2024_22-101-Model.pdf,
L3_BD_V60_16,21.25,8.9,21.25,16.15,L3,V60x80,LT2,2024_22-101-Model.pdf,
L3_BD_V60_17,26.25,0.0,26.25,8.9,L3,V60x80,LT2,2024_22-101-Model.pdf,
L3_BD_V60_18,26.25,8.9,26.25,16.15,L3,V60x80,LT2,2024_22-101-Model.pdf,
L4_BD_V60_01,11.25,0.0,16.25,0.0,L4,V60x80,LT2,2024_22-101-Model.pdf,
L4_BD_V60_02,16.25,0.0,21.25,0.0,L4,V60x80,LT2,2024_22-101-Model.pdf,
L4_BD_V60_03,21.25,0.0,26.25,0.0,L4,V60x80,LT2,2024_22-101-Model.pdf,
L4_BD_V60_04,26.25,0.0,31.25,0.0,L4,V60x80,LT2,2024_22-101-Model.pdf,
L4_BD_V60_05,11.25,8.9,16.25,8.9,L4,V60x80,LT2,2024_22-101-Model.pdf,
L4_BD_V60_06,16.25,8.9,21.25,8.9,L4,V60x80,LT2,2024_22-101-Model.pdf,
L4_BD_V60_07,21.25,8.9,26.25,8.9,L4,V60x80,LT2,2024_22-101-Model.pdf,
L4_BD_V60_08,26.25,8.9,31.25,8.9,L4,V60x80,LT2,2024_22-101-Model.pdf,
L4_BD_V60_09,11.25,16.15,16.25,16.15,L4,V60x80,LT2,2024_22-101-Model.pdf,
L4_BD_V60_10,16.25,16.15,21.25,16.15,L4,V60x80,LT2,2024_22-101-Model.pdf,
L4_BD_V60_11,21.25,16.15,26.25,16.15,L4,V60x80,LT2,2024_22-101-Model.pdf,
L4_BD_V60_12,26.25,16.15,31.25,16.15,L4,V60x80,LT2,2024_22-101-Model.pdf,
L4_BD_V60_13,16.25,0.0,16.25,8.9,L4,V60x80,LT2,2024_22-101-Model.pdf,
L4_BD_V60_14,16.25,8.9,16.25,16.15,L4,V60x80,LT2,2024_22-101-Model.pdf,
L4_BD_V60_15,21.25,0.0,21.25,8.9,L4,V60x80,LT2,2024_22-101-Model.pdf,
L4_BD_V60_16,21.25,8.9,21.25,16.15,L4,V60x80,LT2,2024_22-101-Model.pdf,
L4_BD_V60_17,26.25,0.0,26.25,8.9,L4,V60x80,LT2,2024_22-101-Model.pdf,
L4_BD_V60_18,26.25,8.9,26.25,16.15,L4,V60x80,LT2,2024_22-101-Model.pdf,
ROOF_V001,1.85,0.0,3.75,0.0,ROOF,V60x80,LT2,2024_22-102-Model.pdf,
ROOF_V002,3.75,0.0,7.5,0.0,ROOF,V60x80,LT2,2024_22-102-Model.pdf,
ROOF_V003,7.5,0.0,11.25,0.0,ROOF,V60x80,LT2,2024_22-102-Model.pdf,
ROOF_V004,3.75,8.9,7.5,8.9,ROOF,V60x80,LT2,2024_22-102-Model.pdf,
ROOF_V005,7.5,8.9,11.25,8.9,ROOF,V60x80,LT2,2024_22-102-Model.pdf,
ROOF_V006,1.85,16.15,3.75,16.15,ROOF,V60x80,LT2,2024_22-102-Model.pdf,
ROOF_V007,3.75,16.15,7.5,16.15,ROOF,V60x80,LT2,2024_22-102-Model.pdf,
ROOF_V008,7.5,16.15,11.25,16.15,ROOF,V60x80,LT2,2024_22-102-Model.pdf,
ROOF_V009,3.75,0.0,3.75,4.265,ROOF,V60x80,LT2,2024_22-102-Model.pdf,
ROOF_V010,3.75,4.265,3.75,8.9,ROOF,V60x80,LT2,2024_22-102-Model.pdf,
ROOF_V011,3.75,8.9,3.75,11.885,ROOF,V60x80,LT2,2024_22-102-Model.pdf,
ROOF_V012,3.75,11.885,3.75,16.15,ROOF,V60x80,LT2,2024_22-102-Model.pdf,
ROOF_V013,7.5,0.0,7.5,4.265,ROOF,V60x80,LT2,2024_22-102-Model.pdf,
ROOF_V014,7.5,4.265,7.5,8.9,ROOF,V60x80,LT2,2024_22-102-Model.pdf,
ROOF_V015,7.5,8.9,7.5,11.885,ROOF,V60x80,LT2,2024_22-102-Model.pdf,
ROOF_V016,7.5,11.885,7.5,16.15,ROOF,V60x80,LT2,2024_22-102-Model.pdf,
ROOF_V017,11.25,0.0,11.25,4.265,ROOF,V60x80,LT2,2024_22-102-Model.pdf,
ROOF_V018,11.25,4.265,11.25,8.9,ROOF,V60x80,LT2,2024_22-102-Model.pdf,
ROOF_V019,11.25,8.9,11.25,11.885,ROOF,V60x80,LT2,2024_22-102-Model.pdf,
ROOF_V020,11.25,11.885,11.25,16.15,ROOF,V60x80,LT2,2024_22-102-Model.pdf,
ROOF_V30_01,1.9,4.265,3.75,4.265,ROOF,V30x80,LT2,2024_22-102-Model.pdf,
ROOF_V30_02,3.75,4.265,7.5,4.265,ROOF,V30x80,LT2,2024_22-102-Model.pdf,
ROOF_V30_03,1.9,11.885,3.75,11.885,ROOF,V30x80,LT2,2024_22-102-Model.pdf,
ROOF_V30_04,3.75,11.885,7.5,11.885,ROOF,V30x80,LT2,2024_22-102-Model.pdf,
ROOF_V40_01,0.4,1.825,0.4,4.265,ROOF,V40x80,LT2,2024_22-102-Model.pdf,
ROOF_V40_02,0.4,4.265,0.4,8.9,ROOF,V40x80,LT2,2024_22-102-Model.pdf,
ROOF_V40_03,0.4,8.9,0.4,11.885,ROOF,V40x80,LT2,2024_22-102-Model.pdf,
ROOF_V40_04,0.4,11.885,0.4,14.325,ROOF,V40x80,LT2,2024_22-102-Model.pdf,
ROOF_BD_V60_01,11.25,0.0,16.25,0.0,ROOF,V60x80,LT2,2024_22-102-Model.pdf,
ROOF_BD_V60_02,16.25,0.0,21.25,0.0,ROOF,V60x80,LT2,2024_22-102-Model.pdf,
ROOF_BD_V60_03,21.25,0.0,26.25,0.0,ROOF,V60x80,LT2,2024_22-102-Model.pdf,
ROOF_BD_V60_04,26.25,0.0,31.25,0.0,ROOF,V60x80,LT2,2024_22-102-Model.pdf,
ROOF_BD_V60_05,11.25,8.9,16.25,8.9,ROOF,V60x80,LT2,2024_22-102-Model.pdf,
ROOF_BD_V60_06,16.25,8.9,21.25,8.9,ROOF,V60x80,LT2,2024_22-102-Model.pdf,
ROOF_BD_V60_07,21.25,8.9,26.25,8.9,ROOF,V60x80,LT2,2024_22-102-Model.pdf,
ROOF_BD_V60_08,26.25,8.9,31.25,8.9,ROOF,V60x80,LT2,2024_22-102-Model.pdf,
ROOF_BD_V60_09,11.25,16.15,16.25,16.15,ROOF,V60x80,LT2,2024_22-102-Model.pdf,
ROOF_BD_V60_10,16.25,16.15,21.25,16.15,ROOF,V60x80,LT2,2024_22-102-Model.pdf,
ROOF_BD_V60_11,21.25,16.15,26.25,16.15,ROOF,V60x80,LT2,2024_22-102-Model.pdf,
ROOF_BD_V60_12,26.25,16.15,31.25,16.15,ROOF,V60x80,LT2,2024_22-102-Model.pdf,
ROOF_BD_V60_13,16.25,0.0,16.25,8.9,ROOF,V60x80,LT2,2024_22-102-Model.pdf,
ROOF_BD_V60_14,16.25,8.9,16.25,16.15,ROOF,V60x80,LT2,2024_22-102-Model.pdf,
ROOF_BD_V60_15,21.25,0.0,21.25,8.9,ROOF,V60x80,LT2,2024_22-102-Model.pdf,
ROOF_BD_V60_16,21.25,8.9,21.25,16.15,ROOF,V60x80,LT2,2024_22-102-Model.pdf,
ROOF_BD_V60_17,26.25,0.0,26.25,8.9,ROOF,V60x80,LT2,2024_22-102-Model.pdf,
ROOF_BD_V60_18,26.25,8.9,26.25,16.15,ROOF,V60x80,LT2,2024_22-102-Model.pdf,
ROOF_VI_01,0.998,7.92,7.646,7.92,ROOF,VI15x70,VI,2024_22-102-Model.pdf,family=VI;stage=2;audit_id=VI-01;borde_N_O_hueco
ROOF_VI_02,8.246,7.92,16.546,7.92,ROOF,VI15x70,VI,2024_22-102-Model.pdf,family=VI;stage=2;audit_id=VI-02;borde_N_E_hueco
ROOF_VI_03,0.998,2.90,7.596,2.90,ROOF,VI15x68,VI,2024_22-102-Model.pdf,family=VI;stage=2;audit_id=VI-03;borde_S_O_hueco;centroide_ajustado=true;ajuste_m=0.049;detalle=extremo_oeste_ajustado_de_cara_interior_1.047_a_eje_miembro_0.998_para_conectividad_nodo_comun_con_VI-05
ROOF_VI_04,8.296,2.90,16.546,2.90,ROOF,VI15x68,VI,2024_22-102-Model.pdf,family=VI;stage=2;audit_id=VI-04;borde_S_E_hueco;centroide_ajustado=true;ajuste_m=0.051;detalle=extremo_este_ajustado_de_cara_interior_16.495_a_eje_miembro_16.546_para_conectividad_nodo_comun_con_VI-06
ROOF_VI_05,0.998,2.90,0.998,7.92,ROOF,VI15xVAR,VI,2024_22-102-Model.pdf,family=VI;stage=2;audit_id=VI-05;borde_O_hueco;analysis_status=PENDING_VARIABLE_SECTION
ROOF_VI_06,16.546,2.90,16.546,7.92,ROOF,VI15x76,VI,2024_22-102-Model.pdf,family=VI;stage=2;audit_id=VI-06;borde_E_hueco
ROOF_VI_07,18.545,7.92,20.794,7.92,ROOF,VI15x76,VI,2024_22-102-Model.pdf,family=VI;stage=2;audit_id=VI-07;borde_N_2do_hueco_este
